<?xml version="1.0" encoding="utf-8"?>
<hibernate-mapping assembly="BattleCrawler" namespace="BattleCrawler" xmlns="urn:nhibernate-mapping-2.2">
  <class name="BattlesBelligerents" table="BATTLES_BELLIGERENTS" lazy="true" >
    <id name="Id" column="ID">
      <generator class="identity" />
    </id>
    <many-to-one name="Belligerent"  cascade="all">
      <column name="BelligerentID" sql-type="int" not-null="true" />
    </many-to-one>
    <many-to-one name="Battle" cascade="all" >
      <column name="BattleID" sql-type="int" not-null="false"/>
    </many-to-one>
    <property name="Strength">
      <column name="Strength" sql-type="nvarchar" not-null="false" />
    </property>
    <property name="CasualtiesAndLosses">
      <column name="CasualtiesAndLosses" sql-type="nvarchar" not-null="false" />
    </property>
    <property name="ConflictSide">
      <column name="ConflictSide" sql-type="int" not-null="false" />
    </property>

    <property name="Result" />
    <property name="InfantryStrength" />
    <property name="CavalryStrength" />
    <property name="ArtilleryStrength" />
    <property name="NavyStrength" />
    <property name="AllStrength" />
    <property name="OtherStrength" />
    <property name="Killed" />
    <property name="Wounded" />
    <property name="Captured" />
    <property name="AllLosses" />
    <property name="OtherLosses" />
    <property name="ShipsLost" />
    
  </class>
</hibernate-mapping>