<?xml version="1.0" encoding="utf-8"?>
<hibernate-mapping assembly="BattleCrawler" namespace="BattleCrawler" xmlns="urn:nhibernate-mapping-2.2">
  <class name="Belligerent" table="BELLIGERENTS" >
    <id name="Id" column="ID">
      <generator class="identity" />
    </id>
    <property name="FlagURL">
      <column name="FlagURL" sql-type="nvarchar" not-null="false" />
    </property>
    <property name="Name">
      <column name="Name" sql-type="nvarchar" not-null="false" />
    </property>
    <property name="URL">
      <column name="URL" sql-type="nvarchar" not-null="false" />
    </property>

    <bag name="Wars" table="WARS_BELLIGERENTS" lazy="false" inverse="true">
      <key column="BelligerentID" />
      <many-to-many class="War" column="WarID" />
    </bag>
    
  </class>
</hibernate-mapping>