<?xml version="1.0" encoding="utf-8"?>
<hibernate-mapping assembly="BattleCrawler" namespace="BattleCrawler" xmlns="urn:nhibernate-mapping-2.2">
  <class name="War" table="WARS" lazy="true" >
    <id name="Id" column="ID">
      <generator class="identity" />
    </id>
    <many-to-one name="ParentWar">
      <column name="ParentWar" sql-type="int" not-null="false" />
    </many-to-one>
    <property name="Name">
      <column name="Name" sql-type="nvarchar" not-null="false" />
    </property>
    <property name="Date">
      <column name="Date" sql-type="nvarchar" not-null="false" />
    </property>
    <property name="StartDate">
      <column name="StartDate" sql-type="date" not-null="false" />
    </property>
    <property name="EndDate">
      <column name="EndDate" sql-type="date" not-null="false" />
    </property>
    <property name="TerritorialChanges">
      <column name="TerritorialChanges" sql-type="nvarchar" not-null="false" />
    </property>
    <property name="Result">
      <column name="Result" sql-type="nvarchar" not-null="false" />
    </property>
    <property name="URL">
      <column name="URL" sql-type="nvarchar" not-null="false" />
    </property>
    <bag name="Battles" inverse="true">
      <key column="WarID" />
      <one-to-many class="Battle" />
    </bag>
    <!--
    <bag name="ParentWar" inverse="true">
      <key column="ParentWar" />
      <one-to-many class="Wars" />
    </bag> -->
    <bag name="Leaders" table="WARS_LEADERS" lazy="false" cascade="all">
      <key column="WarID" />
      <many-to-many class="Leader" column="LeaderID" />
    </bag>
    <bag name="Belligerents" table="WARS_BELLIGERENTS" lazy="false" cascade="all">
      <key column="WarID" />
      <many-to-many class="Belligerent" column="BelligerentID" />
    </bag>
  </class>
</hibernate-mapping>