Name;Year;ConflictSide;AllStrength;AllLosses;Ratio
Battle of Chesma;1770;1;1300;11000;8.4615384615384615384
Battle of Ankara;1402;1;6000;50000;8.3333333333333333333
Siege of Kazan;1552;1;40000;255000;6.3750000000000000000
Battle of Krtsanisi;1795;0;5000;19000;3.8000000000000000000
Battle of Caen;1346;1;1500;5000;3.3333333333333333333
Fall of Constantinople;1453;0;12000;34000;2.8333333333333333333
Battle of Cajamarca;1532;1;4000;7000;1.7500000000000000000
Battle of Picotin;1316;1;700;1200;1.7142857142857142857
Battle of Fort Oswego;1756;1;1100;1820;1.6545454545454545454
Great Siege of Malta;1565;1;7000;10000;1.4285714285714285714
Battle of Alcácer Quibir;1578;0;18000;23000;1.2777777777777777777
Battle of Preston;1648;1;9000;11000;1.2222222222222222222
Battle of Pollilur;1780;0;5500;6600;1.2000000000000000000
Battle of Grunwald;1410;1;19000;22300;1.1736842105263157894
Battle of Mabila;1540;1;2500;2700;1.0800000000000000000
Battle of Towton;1461;0;26000;28000;1.0769230769230769230
Battles of Saratoga;1777;1;7000;7357;1.0510000000000000000
Battle of Groton Heights;1781;0;140;145;1.0357142857142857142
Battle of Kings Mountain;1780;1;1100;1121;1.0190909090909090909
Battle of Cowpens;1781;1;1150;1168;1.0156521739130434782
Battle of Germantown;1777;0;1100;1111;1.0100000000000000000
Siege of Charleston;1780;1;5466;5506;1.0073179656055616538
Capture of Fort Ticonderoga;1775;1;78;78;1.0000000000000000000
Battle of the Thousand Islands;1760;1;300;300;1.0000000000000000000
Siege of Szigetvár
Battle of Szigeth;1566;0;2500;2500;1.0000000000000000000
Battle of Fort Necessity;1754;0;400;400;1.0000000000000000000
Battle of Gangut;1714;0;941;941;1.0000000000000000000
Battle of Fort Bull;1756;1;111;111;1.0000000000000000000
Battle of Casteldelfino;1744;1;2000;2000;1.0000000000000000000
Battle of Brihuega;1710;0;4000;4000;1.0000000000000000000
Battle of Millesimo;1796;1;988;988;1.0000000000000000000
Siege of Fort St. Jean;1775;1;750;743;0.9906666666666666666
Battle of the Shirts
(Blàr na Léine, Kinloch-Lochy);1544;1;500;492;0.9840000000000000000
Battle of the Shirts
(Blàr na Léine, Kinloch-Lochy);1544;0;300;295;0.9833333333333333333
Siege of Fort William Henry;1757;1;2500;2438;0.9752000000000000000
Siege of Maastricht;1673;1;6200;6000;0.9677419354838709677
Battle of the North Inch;1396;1;30;29;0.9666666666666666666
Battle of Chudnov (Cudnów);1660;1;30000;28700;0.9566666666666666666
Battle of Prestonpans;1745;0;2300;2200;0.9565217391304347826
Battle of Praga;1794;0;17000;16000;0.9411764705882352941
Battle of Kringen;1612;0;300;280;0.9333333333333333333
Siege of Hulst;1645;1;2750;2500;0.9090909090909090909
Siege of Yorktown;1781;1;9000;8160;0.9066666666666666666
Battle of Marj Dabiq;1516;1;80000;72000;0.9000000000000000000
Battle of Breadfield;1479;1;14500;13000;0.8965517241379310344
Battle of the Wabash;1791;1;1000;896;0.8960000000000000000
Battle of Gravelines;1558;0;14000;12500;0.8928571428571428571
Battle of Methven;1306;0;4500;4000;0.8888888888888888888
Battle of Three Rocks;1798;1;100;88;0.8800000000000000000
Battle of Stadtlohn;1623;0;15000;13000;0.8666666666666666666
Battle of Khotyn;1673;1;35000;30000;0.8571428571428571428
Battle of Lubiszewo;1577;0;11000;9420;0.8563636363636363636
Battle of Lubiszewo;1577;1;11000;9420;0.8563636363636363636
Battle of Visby;1361;1;2000;1700;0.8500000000000000000
Battle of Ivry;1590;1;16000;13500;0.8437500000000000000
Siege of Fort Zeelandia
(1661–1662);1661;1;1900;1600;0.8421052631578947368
Battle of Landeshut;1760;0;12000;10000;0.8333333333333333333
Battle of Molodi;1572;0;120000;100000;0.8333333333333333333
Battle of Carlow;1798;0;1200;1000;0.8333333333333333333
Battle of Sacheon;1598;1;36200;30000;0.8287292817679558011
Battle of Bennington;1777;1;1100;907;0.8245454545454545454
Battle of Oulart Hill;1798;1;130;107;0.8230769230769230769
Wars of the Three Kingdoms;1651;1;16000;13000;0.8125000000000000000
Battle of Naseby;1645;1;7400;6000;0.8108108108108108108
Battle of the Pyramids;1798;1;25000;20000;0.8000000000000000000
Siege of Orléans;1428;0;5000;4000;0.8000000000000000000
Siege of Rhodes;1522;1;7500;6000;0.8000000000000000000
Battle of Dunbar (1650);1650;0;12000;9500;0.7916666666666666666
Siege of Tripoli;1551;0;800;630;0.7875000000000000000
Battle of Narva;1700;1;37000;29000;0.7837837837837837837
Battle of Almansa;1707;0;22000;17000;0.7727272727272727272
The Siege of Busan Castle;1592;1;6600;5000;0.7575757575757575757
Battle of Fraustadt;1706;1;20000;14877;0.7438500000000000000
Capture of Fort Bute;1779;1;23;17;0.7391304347826086956
Battle of Lund;1676;1;12300;9000;0.7317073170731707317
Battle of Kircholm;1605;0;10800;7800;0.7222222222222222222
Battle of Kircholm;1605;1;10800;7800;0.7222222222222222222
Battle of Pločnik;1385;1;18000;13000;0.7222222222222222222
Battle of Mühldorf;1322;1;1400;1000;0.7142857142857142857
Siege of Breda;1624;0;14000;10000;0.7142857142857142857
Battle of Verdun (1792);1792;0;3500;2500;0.7142857142857142857
Battle of Honnecourt;1642;0;10000;7100;0.7100000000000000000
Battle of Trenton;1776;1;1500;1055;0.7033333333333333333
Battle of Prosperous;1798;1;57;40;0.7017543859649122807
Battle of Dupplin Moor;1332;0;10000;7000;0.7000000000000000000
Battle of Ballinamuck;1798;0;2350;1644;0.6995744680851063829
Battle of Baton Rouge;1779;1;550;381;0.6927272727272727272
Battle of Krbava Field;1493;1;11000;7500;0.6818181818181818181
Battle of Alfarrobeira;1449;1;6000;4000;0.6666666666666666666
Battle of Cassel;1328;0;15000;10000;0.6666666666666666666
Battle of Trancoso;1385;1;600;400;0.6666666666666666666
Siege of Namur (1692);1692;1;6000;4000;0.6666666666666666666
Siege of Tenochtitlan;1521;1;300000;200000;0.6666666666666666666
Battle of Lepanto;1571;1;31000;20000;0.6451612903225806451
Battle of Isokyro;1714;0;5500;3545;0.6445454545454545454
Battle of the Lines of Elvas;1659;1;17500;11200;0.6400000000000000000
Battle of Pavia;1525;0;23500;15000;0.6382978723404255319
Battle of Lund;1676;0;8000;5070;0.6337500000000000000
Battle of the North Inch;1396;0;30;19;0.6333333333333333333
Second Battle of Kosovo;1448;1;27000;17000;0.6296296296296296296
Battle of Formigny;1450;0;7000;4400;0.6285714285714285714
Battle of Dahlen;1568;0;3200;2000;0.6250000000000000000
Battle of Chungju (Choryang Pass);1592;1;80000;50000;0.6250000000000000000
Battle of La Naval de Manila;1646;1;800;500;0.6250000000000000000
Battle of Saragossa;1710;0;20000;12500;0.6250000000000000000
Battle of Heiligerlee (1568);1568;1;3220;2000;0.6211180124223602484
Battle of Cartagena de Indias;1741;0;29000;18000;0.6206896551724137931
Battle of Brouwershaven;1426;0;5200;3200;0.6153846153846153846
Battle of Schellenberg;1704;1;13000;8000;0.6153846153846153846
Battle of Blenheim;1704;1;56000;34190;0.6105357142857142857
Siege of Pilsen;1618;1;4158;2500;0.6012506012506012506
Second Battle of Athenry;1316;0;5000;3000;0.6000000000000000000
Great Swamp Fight;1675;1;1000;600;0.6000000000000000000
Battle of Breitenfeld;1642;1;25000;15000;0.6000000000000000000
Warsaw Uprising of 1794;1794;1;8000;4750;0.5937500000000000000
Battle of Saint-Omer;1340;1;13500;8000;0.5925925925925925925
Battle of Baia;1467;0;12000;7000;0.5833333333333333333
Battle of Jemmingen;1568;0;12000;7000;0.5833333333333333333
Battle of Oriskany;1777;0;800;465;0.5812500000000000000
Battle of Turnhout;1597;0;4500;2600;0.5777777777777777777
Battle of Kilsyth;1645;1;7800;4500;0.5769230769230769230
Battle of Wallhof;1626;1;2000;1150;0.5750000000000000000
Battle of Sisak;1593;0;14000;8000;0.5714285714285714285
Battle of Maciejowice;1794;0;7000;4000;0.5714285714285714285
Battle of Blanchetaque;1346;1;3500;2000;0.5714285714285714285
Battle of Cartagena de Indias;1741;1;3500;2000;0.5714285714285714285
Battle of Fishing Creek;1780;0;800;450;0.5625000000000000000
Battle of Jankau;1645;1;16000;9000;0.5625000000000000000
Battle of Ravenna;1512;1;16000;9000;0.5625000000000000000
Battle of Helsingborg;1710;1;14000;7677;0.5483571428571428571
Battle of Wofla;1542;1;313;168;0.5367412140575079872
Battle of Varna;1444;0;28000;15000;0.5357142857142857142
Battle of Ceresole;1544;1;16150;8650;0.5356037151702786377
Battle of Mühlberg;1547;0;15000;8000;0.5333333333333333333
Battle of Morat;1476;0;15000;8000;0.5333333333333333333
Battle of Verneuil;1424;1;15000;8000;0.5333333333333333333
Battle of Obertyn;1531;1;17000;8746;0.5144705882352941176
Siege of Haarlem;1572;0;7775;4000;0.5144694533762057877
Siege of Groningen;1672;0;24000;12000;0.5000000000000000000
Siege of Bergen op Zoom;1747;0;10000;5000;0.5000000000000000000
Battle of Sedgemoor;1685;1;4000;2000;0.5000000000000000000
Third Battle of Panipat;1761;1;70000;35000;0.5000000000000000000
Battle of Patay;1429;1;5000;2500;0.5000000000000000000
Battle of Neuwied (1797);1797;1;21000;10500;0.5000000000000000000
Battle of Inverlochy;1645;1;3000;1500;0.5000000000000000000
Battle of Lesnaya;1708;0;12000;6000;0.5000000000000000000
Battle of Castillon;1453;0;8000;4000;0.5000000000000000000
Battle of Agnadello;1509;1;8000;4000;0.5000000000000000000
Battle of Górzno;1629;1;4000;2000;0.5000000000000000000
Battle of Fleurus;1690;1;38000;19000;0.5000000000000000000
Battle of Marignano;1515;1;22200;11000;0.4954954954954954954
Battle of Polonka;1660;1;8500;4200;0.4941176470588235294
First Battle of Panipat;1526;1;36000;17500;0.4861111111111111111
Battle of Longue-Pointe;1775;0;97;47;0.4845360824742268041
Recapture of Bahia;1625;1;4000;1912;0.4780000000000000000
First Battle of Breitenfeld;1631;1;35000;16600;0.4742857142857142857
Battle of Hummelshof;1702;0;6000;2840;0.4733333333333333333
Battle of Alcântara;1580;0;8500;4000;0.4705882352941176470
Battle of Otterburn;1388;1;3200;1500;0.4687500000000000000
Battle of Rivoli;1797;1;28000;13000;0.4642857142857142857
Battle of Blue Licks;1782;0;182;83;0.4560439560439560439
Battle of Fort Duquesne;1758;1;750;342;0.4560000000000000000
Battle of Grunwald;1410;0;27500;12500;0.4545454545454545454
Braddock Expedition;1755;1;2100;950;0.4523809523809523809
Battle of Marengo;1800;1;31000;14000;0.4516129032258064516
Battle of Lens;1648;1;18000;8000;0.4444444444444444444
Battle of Keresztes;1596;1;45000;20000;0.4444444444444444444
Battle of Aughrim;1691;0;18000;8000;0.4444444444444444444
Battle of Montes Claros;1665;1;22600;10000;0.4424778761061946902
Battle of Corrichie;1562;1;500;220;0.4400000000000000000
Battle of Brentford;1642;1;1300;570;0.4384615384615384615
Battle of Agincourt;1415;1;24000;10500;0.4375000000000000000
Battle of Kolín;1757;0;32000;14000;0.4375000000000000000
Battle of Kunersdorf;1759;0;51000;22212;0.4355294117647058823
Battle of Dungans Hill;1647;0;6900;3000;0.4347826086956521739
Battle of Quebec;1775;0;1200;515;0.4291666666666666666
Battle of Knocknanuss;1647;0;7000;3000;0.4285714285714285714
Battle of Bitonto;1734;1;10500;4500;0.4285714285714285714
Battle of the Dunes;1658;1;14000;6000;0.4285714285714285714
Battle of the Spurs;1513;0;7000;3000;0.4285714285714285714
Battle of Bannockburn;1314;1;18000;7700;0.4277777777777777777
Battle of Trebbia (1799);1799;1;33000;14000;0.4242424242424242424
Battle of Gemauerthof;1705;1;11600;4900;0.4224137931034482758
Battle of Kunersdorf;1759;1;65000;27362;0.4209538461538461538
Battle of Gembloux;1578;0;25000;10500;0.4200000000000000000
Battle of Benburb;1646;1;6000;2500;0.4166666666666666666
Battle of Abukir (1799);1799;1;18000;7500;0.4166666666666666666
Battle of Villafranca;1744;1;8000;3330;0.4162500000000000000
Battle of Zorndorf;1758;1;43500;18000;0.4137931034482758620
Battle of Poitiers;1356;1;11000;4500;0.4090909090909090909
Battle of Poltava;1709;0;24000;9800;0.4083333333333333333
Battle of Eutaw Springs;1781;1;2000;812;0.4060000000000000000
Battle of Cravant;1423;0;4000;1600;0.4000000000000000000
Battle of Cascina;1364;1;5000;2000;0.4000000000000000000
Battle of Buxar;1764;0;40000;16000;0.4000000000000000000
Battle of Pinkie Cleugh;1547;0;30000;12000;0.4000000000000000000
Battle of Maidstone;1648;0;2000;800;0.4000000000000000000
Second Battle of St Albans;1461;1;10000;4000;0.4000000000000000000
Battle of Valcour Island;1776;0;500;200;0.4000000000000000000
Battle of St.Fagans;1648;0;8000;3200;0.4000000000000000000
Battle of Castagnaro;1387;0;14000;5500;0.3928571428571428571
Battle of Loano;1795;1;18000;7000;0.3888888888888888888
Battle of Świecino;1462;0;2700;1050;0.3888888888888888888
Battle of St. Quentin;1557;1;26000;10000;0.3846153846153846153
Battle of Auldearn;1645;1;3900;1500;0.3846153846153846153
Battle of Casteldelfino;1744;0;5000;1900;0.3800000000000000000
Battle of Ballymore-Eustace;1798;1;45;17;0.3777777777777777777
Siege of Pensacola;1781;1;3500;1320;0.3771428571428571428
Battle of Wittstock;1636;1;18600;7000;0.3763440860215053763
Battle of Sempach;1386;1;4000;1500;0.3750000000000000000
Battle of Baugé;1421;1;4000;1500;0.3750000000000000000
Battle of Freiburg;1644;0;20000;7500;0.3750000000000000000
Battle of Piperdean;1436;1;4000;1500;0.3750000000000000000
Battle of Prostken;1656;0;4000;1500;0.3750000000000000000
Battle of Glen Shiel;1719;1;1000;374;0.3740000000000000000
Battle of Roundway Down;1643;0;4300;1600;0.3720930232558139534
Battle of Płowce
Part of Polish-Teutonic War (1326–1332);1331;1;7000;2600;0.3714285714285714285
Battle of Mookerheyde;1574;0;8100;3000;0.3703703703703703703
Battle of Ravenna;1512;0;23000;8500;0.3695652173913043478
Battle of Trebbia (1799);1799;0;17000;6250;0.3676470588235294117
Battle of Zatoka Świeża;1463;1;1500;550;0.3666666666666666666
Battle of Kulikovo;1380;0;55000;20000;0.3636363636363636363
First Siege of Ulsan;1597;0;55500;20000;0.3603603603603603603
Battle of Fleurus;1622;0;14000;5000;0.3571428571428571428
Battle of Bloody Creek;1711;0;70;25;0.3571428571428571428
Battle of Zorndorf;1758;0;36000;12800;0.3555555555555555555
Battle of Novara;1513;0;21200;7500;0.3537735849056603773
Battle of Machias;1775;0;40;14;0.3500000000000000000
Battle of Baia;1467;1;20000;7000;0.3500000000000000000
Battle of Ridaniya;1517;1;20000;7000;0.3500000000000000000
Battle of Nieuwpoort;1600;1;8900;3100;0.3483146067415730337
Battle of Prague;1648;1;2000;694;0.3470000000000000000
Battle of Krtsanisi;1795;1;37500;13000;0.3466666666666666666
Battle of Bunker Hill;1775;1;3000;1040;0.3466666666666666666
Battle of Ancrum Moor;1545;1;5200;1800;0.3461538461538461538
Battle of Dreux;1562;1;13000;4500;0.3461538461538461538
Battle of La Motta;1513;0;13000;4500;0.3461538461538461538
Siege of Acre;1799;1;13000;4500;0.3461538461538461538
Battle of Fort Cumberland;1776;1;200;69;0.3450000000000000000
Battle of Flodden;1513;1;32000;11000;0.3437500000000000000
Siege of Jinju;1592;0;30000;10300;0.3433333333333333333
Siege of 's-Hertogenbosch;1629;0;7000;2400;0.3428571428571428571
Battle of Brier Creek;1779;0;1100;377;0.3427272727272727272
Battle of Płowce
Part of Polish-Teutonic War (1326–1332);1331;0;5000;1700;0.3400000000000000000
Battle of Seneffe;1674;0;44200;15000;0.3393665158371040723
Battle of Torgau;1760;0;50000;16670;0.3334000000000000000
Battle of Varna;1444;1;60000;20000;0.3333333333333333333
Battle of Tewkesbury;1471;1;6000;2000;0.3333333333333333333
Battle of Zenta
(Battle of Senta);1697;1;90000;30000;0.3333333333333333333
Sieges of Toishi;1550;1;3000;1000;0.3333333333333333333
Battle of Punta Quemada;1525;1;300;100;0.3333333333333333333
Battle of Leuthen;1757;1;66000;22000;0.3333333333333333333
Battle of Brunkeberg;1471;1;6000;2000;0.3333333333333333333
Battle of Hemmingstedt;1500;1;12000;4000;0.3333333333333333333
Battle of Vincennes;1779;0;290;95;0.3275862068965517241
Battle of Bassano;1796;1;11000;3600;0.3272727272727272727
Battle of Koronowo;1410;1;4000;1300;0.3250000000000000000
Battle of Vienna;1683;1;200000;65000;0.3250000000000000000
Battle of Marston Moor;1644;1;17000;5500;0.3235294117647058823
Battle of Formigny;1450;1;3100;1000;0.3225806451612903225
Battle of Khotyn;1621;0;45000;14500;0.3222222222222222222
Battle of Gadebusch;1712;1;19500;6250;0.3205128205128205128
Battle of Arbedo;1422;1;2500;800;0.3200000000000000000
Battle of Novi (1799);1799;1;36091;11500;0.3186389958715469230
Battle of Rathmines;1649;0;11000;3500;0.3181818181818181818
Battle of Ramillies;1706;1;60000;19000;0.3166666666666666666
Battle of Khotyn;1621;1;133000;42000;0.3157894736842105263
Battle of Ballyellis;1798;1;200;62;0.3100000000000000000
Battle of Byczyna (Pitschen);1588;1;6500;2000;0.3076923076923076923
Battle of Princeton;1777;1;1200;364;0.3033333333333333333
Third Battle of Panipat;1761;0;99000;30000;0.3030303030303030303
Siege of Uehara;1541;0;1000;300;0.3000000000000000000
Combat of the Thirty;1351;1;30;9;0.3000000000000000000
Fourth Battle of Tucson;1784;0;20;6;0.3000000000000000000
Battle of Ridaniya;1517;0;20000;6000;0.3000000000000000000
Battle of Punta Quemada;1525;0;70;21;0.3000000000000000000
Battle of Oosterweel;1567;0;2500;750;0.3000000000000000000
Battle of Kesselsdorf;1745;1;35000;10500;0.3000000000000000000
Battle of Las Salinas;1538;1;500;150;0.3000000000000000000
Battle of Bryn Glas;1402;1;2000;600;0.3000000000000000000
Battle of Guararapes;1649;0;3500;1045;0.2985714285714285714
Battle of Kay;1759;0;28000;8300;0.2964285714285714285
Battle of Kay;1759;1;28000;8300;0.2964285714285714285
Battle of Coutras;1587;1;6800;2000;0.2941176470588235294
Battle of Sarhu;1619;1;160000;47000;0.2937500000000000000
Battle of Sainte-Foy;1760;1;3800;1088;0.2863157894736842105
Battle of Hochkirch;1758;0;33000;9400;0.2848484848484848484
Battle of La Prairie;1691;1;240;68;0.2833333333333333333
Siege of Rhodes;1480;0;85000;24000;0.2823529411764705882
Siege of Shkodra;1474;0;50000;14000;0.2800000000000000000
Battle of Prague;1757;1;60000;16500;0.2750000000000000000
Battle of Montebello;1800;0;11000;3000;0.2727272727272727272
Battle of the Slaak;1631;0;5500;1500;0.2727272727272727272
Battle of Fort Niagara;1759;0;1786;486;0.2721164613661814109
Battle of Culloden;1746;1;7000;1904;0.2720000000000000000
Battle of Gemauerthof;1705;0;7000;1900;0.2714285714285714285
Battle of Friedlingen;1702;1;14000;3742;0.2672857142857142857
Battle of Bannockburn;1314;0;7500;2000;0.2666666666666666666
Battle of Racławice;1794;1;3000;800;0.2666666666666666666
Battle of Lake Pontchartrain;1779;1;15;4;0.2666666666666666666
Fourth Battle of Kawanakajima;1561;0;15000;4000;0.2666666666666666666
Safavid Ghilzai War;1729;1;45000;12000;0.2666666666666666666
Battle of White Mountain;1620;0;15000;4000;0.2666666666666666666
Battle of Chotusitz;1742;1;28000;7455;0.2662500000000000000
Battle of Lützen;1632;0;19000;5000;0.2631578947368421052
Battle of Mohács;1526;1;65000;17000;0.2615384615384615384
Battle of Buxar;1764;1;7072;1847;0.2611708144796380090
Battle of Richmond Hill;1795;1;50;13;0.2600000000000000000
Battle of Rocroi;1643;1;27000;7000;0.2592592592592592592
Battle of Arcole;1796;1;24000;6200;0.2583333333333333333
Battle of Eutaw Springs;1781;0;2200;561;0.2550000000000000000
Battle of Guilford Court House;1781;1;2100;532;0.2533333333333333333
Battle of Friedlingen;1702;0;17000;4304;0.2531764705882352941
Battle of Chotusitz;1742;0;30000;7552;0.2517333333333333333
Battle of Grocka;1739;1;40000;10000;0.2500000000000000000
Battle of Auray;1364;0;4000;1000;0.2500000000000000000
Battle of Auray;1364;1;4000;1000;0.2500000000000000000
Battle of Kilcullen;1798;0;600;150;0.2500000000000000000
Battle of Keresztes;1596;0;100000;25000;0.2500000000000000000
Battle of Sekigahara;1600;0;100000;25000;0.2500000000000000000
Battle of St. Louis;1780;0;300;75;0.2500000000000000000
Battle of Tuberneering;1798;1;400;100;0.2500000000000000000
Fourth Battle of Kawanakajima;1561;1;12000;3000;0.2500000000000000000
Siege of Malmö;1677;1;14000;3500;0.2500000000000000000
Battle of Malplaquet;1709;0;86000;21000;0.2441860465116279069
Battle of Lesnaya;1708;1;31000;7500;0.2419354838709677419
Battle of Blenheim;1704;0;52000;12484;0.2400769230769230769
Battle of Arcole;1796;0;20000;4800;0.2400000000000000000
Battle of Jüterbog;1644;1;15000;3600;0.2400000000000000000
Battle of New Ross (1798);1798;0;10000;2400;0.2400000000000000000
Battle of Mollwitz;1741;1;19000;4550;0.2394736842105263157
Siege of Turin;1706;1;41000;9800;0.2390243902439024390
La Noche Triste ("The Night of Sorrows");1520;0;21000;5000;0.2380952380952380952
Battle of Rossbach;1757;1;42000;10000;0.2380952380952380952
Battle of Montebello;1800;1;18000;4275;0.2375000000000000000
Battle of Montenotte;1796;1;6750;1598;0.2367407407407407407
Battle of Machias;1775;1;55;13;0.2363636363636363636
Battle of Marengo;1800;0;24000;5600;0.2333333333333333333
Battle of Yamazaki;1582;0;13000;3000;0.2307692307692307692
Battle on the Zuiderzee;1573;1;1300;300;0.2307692307692307692
Battle of Crooked Billet;1778;0;400;92;0.2300000000000000000
Battle of Schellenberg;1704;0;22000;5041;0.2291363636363636363
Battle of Kallo;1638;0;22000;5000;0.2272727272727272727
Battle of Bloody Creek;1757;1;53;12;0.2264150943396226415
Battle of the Yellow Ford;1598;1;4000;900;0.2250000000000000000
Battle of Hohenlinden;1800;1;60260;13550;0.2248589445735147693
Battle of Mollwitz;1741;0;21600;4850;0.2245370370370370370
Battle of Deutschbrod;1422;1;2250;500;0.2222222222222222222
Battle of Breadfield;1479;0;13500;3000;0.2222222222222222222
Battle of Hohenfriedberg;1745;1;62500;13730;0.2196800000000000000
Battle of Torgau;1760;1;53400;11697;0.2190449438202247191
Battle of Lens;1648;0;16000;3500;0.2187500000000000000
Battle of Helsingborg;1710;0;13900;2995;0.2154676258992805755
Battle of Lodi;1796;1;9500;2036;0.2143157894736842105
Battle of Breslau;1757;0;28000;6000;0.2142857142857142857
Battle of Shrewsbury;1403;0;14000;3000;0.2142857142857142857
Battle of Prague;1757;0;67000;14300;0.2134328358208955223
Siege of Orléans;1428;1;9400;2000;0.2127659574468085106
Battle of Assietta;1747;0;25000;5300;0.2120000000000000000
Battle of Fontenoy;1745;0;52000;11000;0.2115384615384615384
Battle of the Plains of Abraham;1759;1;3400;716;0.2105882352941176470
Battle of Dreux;1562;0;19000;4000;0.2105263157894736842
Battle of Carillon;1758;0;3600;750;0.2083333333333333333
Battle of Landskrona;1677;1;12000;2500;0.2083333333333333333
Siege of Tenochtitlan;1521;0;100100;20400;0.2037962037962037962
Battle of the Vedrosha River;1500;0;40000;8000;0.2000000000000000000
Siege of Belgrade (Nándorfehérvár);1456;1;65000;13000;0.2000000000000000000
Battle of Zusmarshausen;1648;1;10000;2000;0.2000000000000000000
Combat of the Thirty;1351;0;30;6;0.2000000000000000000
First Battle of Guararapes;1648;0;5000;1000;0.2000000000000000000
Battle of Wisternitz;1619;0;3500;700;0.2000000000000000000
Battle of Long Island;1776;0;10000;2000;0.2000000000000000000
Battle of Mbwila;1665;0;25000;5000;0.2000000000000000000
Battle of Methven;1306;1;3000;600;0.2000000000000000000
Battle of Lunalonge;1349;0;1500;300;0.2000000000000000000
Battle of Keresztes;1596;0;100000;20000;0.2000000000000000000
Battle of Petrovaradin;1716;1;150000;30000;0.2000000000000000000
Battle of Byeokjegwan;1593;1;20000;4000;0.2000000000000000000
Battle of Bushy Run;1763;0;300;60;0.2000000000000000000
Battle of Blore Heath;1459;0;5000;1000;0.2000000000000000000
Battle of Blore Heath;1459;1;10000;2000;0.2000000000000000000
Battle of Bothwell Bridge;1679;0;3000;600;0.2000000000000000000
Battle of Great Bridge;1775;1;400;80;0.2000000000000000000
Battle of Gross-Jägersdorf;1757;0;25500;5000;0.1960784313725490196
Battle of Vienna;1683;0;85000;16500;0.1941176470588235294
Battle of Seneffe;1674;1;62000;12000;0.1935483870967741935
Battle of Knocknanuss;1647;1;5200;1000;0.1923076923076923076
Great Swamp Fight;1675;0;1150;220;0.1913043478260869565
Battle of Warsaw;1705;1;9500;1800;0.1894736842105263157
Siege of Savannah;1779;0;5050;948;0.1877227722772277227
Battle of Larga;1770;1;80000;15000;0.1875000000000000000
Battle of Morgarten;1315;1;8000;1500;0.1875000000000000000
Battle of Bunker Hill;1775;0;2400;450;0.1875000000000000000
Battle of Oriskany;1777;1;500;93;0.1860000000000000000
Battle of Kettle Creek;1779;0;700;130;0.1857142857142857142
Battle of Soor;1745;1;40200;7444;0.1851741293532338308
Battle of Mobile;1781;0;200;37;0.1850000000000000000
Battle of Bloody Creek;1757;0;130;24;0.1846153846153846153
Battle of Almenar;1710;0;22000;4000;0.1818181818181818181
Battle of Kilcullen;1798;1;220;40;0.1818181818181818181
Battle of Zieleńce;1792;1;11000;2000;0.1818181818181818181
Siege of Toulon;1793;1;22000;4000;0.1818181818181818181
Battle of Villaviciosa;1710;1;14000;2500;0.1785714285714285714
Battle of Rivoli;1797;0;23000;4100;0.1782608695652173913
Battle of Leuthen;1757;0;36000;6344;0.1762222222222222222
Battle of Madonna dell'Olmo;1744;1;25000;4400;0.1760000000000000000
Battle of Nieuwpoort;1600;0;11400;2000;0.1754385964912280701
Siege of Bergen op Zoom;1747;1;30000;5259;0.1753000000000000000
Second Battle of Boulou;1794;1;20000;3500;0.1750000000000000000
Battle of Berestechko;1651;0;200000;35000;0.1750000000000000000
Battle of Isokyro;1714;1;11000;1921;0.1746363636363636363
Battle of Garigliano;1503;0;23000;4000;0.1739130434782608695
Battle of Rocroi;1643;0;23000;4000;0.1739130434782608695
Battle of Soor;1745;0;22500;3911;0.1738222222222222222
Battle of Chojnice;1454;0;19000;3300;0.1736842105263157894
Battle of Edgehill;1642;0;11600;2000;0.1724137931034482758
Battle of Otterburn;1388;0;2900;500;0.1724137931034482758
Battle of Wittstock;1636;0;18000;3100;0.1722222222222222222
Battle of Pozzolo;1800;1;50000;8589;0.1717800000000000000
Warsaw Uprising of 1794;1794;0;5500;944;0.1716363636363636363
Battle of Fleurus;1690;0;35000;6000;0.1714285714285714285
Second Battle of Zurich;1799;1;76000;13000;0.1710526315789473684
Siege of Kawagoe Castle;1545;1;85000;14500;0.1705882352941176470
Battle of Glen Shiel;1719;0;850;142;0.1670588235294117647
Battle of Höchstädt;1800;1;30000;5000;0.1666666666666666666
Battle of Byczyna (Pitschen);1588;0;6000;1000;0.1666666666666666666
Battle of Mohács (1687);1687;1;60000;10000;0.1666666666666666666
Battle of Hondschoote;1793;1;24000;4000;0.1666666666666666666
Battle of Inverlochy;1645;0;1500;250;0.1666666666666666666
Battle of Wakefield;1460;1;6000;1000;0.1666666666666666666
Battle of Uddevalla;1677;0;3000;500;0.1666666666666666666
The Night Attack;1462;0;30000;5000;0.1666666666666666666
The Night Attack;1462;1;90000;15000;0.1666666666666666666
Battle of Sainte-Foy;1760;0;5000;833;0.1666000000000000000
Battle of Wimpfen;1622;1;25000;4150;0.1660000000000000000
Battles of Lexington and Concord;1775;1;1500;247;0.1646666666666666666
Battle of Fraustadt;1706;0;9400;1529;0.1626595744680851063
Battle of Klissow;1702;1;22900;3700;0.1615720524017467248
Battle of Aljubarrota;1385;1;31000;5000;0.1612903225806451612
Battle of Novi (1799);1799;0;51547;8250;0.1600481114322850990
Battle of Mimasetōge;1569;1;20000;3200;0.1600000000000000000
Battle of Bound Brook;1777;0;500;80;0.1600000000000000000
Battle of Narva;1700;0;12000;1914;0.1595000000000000000
Battle of Kesselsdorf;1745;0;32000;5100;0.1593750000000000000
Battle of Minden;1759;1;44000;7000;0.1590909090909090909
Siege of Eger;1552;1;2200;350;0.1590909090909090909
Siege of Jinju;1592;1;6300;1000;0.1587301587301587301
Battle of Chudnov (Cudnów);1660;0;40000;6200;0.1550000000000000000
Battle of Aljubarrota;1385;0;6500;1000;0.1538461538461538461
Battle of Trois-Rivières;1776;0;2000;306;0.1530000000000000000
Battle of Wijnendale;1708;1;23000;3500;0.1521739130434782608
Battle of Freiburg;1644;1;16500;2500;0.1515151515151515151
Battle of Kolín;1757;1;53000;8000;0.1509433962264150943
Battle of Lansdowne;1643;1;6000;900;0.1500000000000000000
Battle of Fleurus;1622;1;8000;1200;0.1500000000000000000
Battle of Fontenoy;1745;1;50000;7500;0.1500000000000000000
Attack on Brest;1694;0;11000;1650;0.1500000000000000000
Battle of Aughrim;1691;1;20000;3000;0.1500000000000000000
Battle of Warsaw;1705;0;2000;300;0.1500000000000000000
Battle of Visby;1361;0;2000;300;0.1500000000000000000
Battle of Torroella;1694;1;20000;3000;0.1500000000000000000
Battle of the Plains of Abraham;1759;0;4400;658;0.1495454545454545454
Battle of Malplaquet;1709;1;75000;11000;0.1466666666666666666
Battle of Ceresole;1544;0;13700;2000;0.1459854014598540145
Battle of Guastalla;1734;1;40000;5800;0.1450000000000000000
Battle of Valverde;1862;0;3000;432;0.1440000000000000000
Battle of Sempach;1386;0;1400;200;0.1428571428571428571
Battle of Shrewsbury;1403;1;14000;2000;0.1428571428571428571
Capture of Cadiz;1596;1;14000;2000;0.1428571428571428571
Siege of Malmö;1677;0;7000;1000;0.1428571428571428571
Battle of Cahul;1770;1;140000;20000;0.1428571428571428571
Battle of Meissen;1759;0;21000;3000;0.1428571428571428571
Battle of Meissen;1759;1;21000;3000;0.1428571428571428571
Battle of Klushino;1610;1;35000;5000;0.1428571428571428571
Battle of La Prairie;1691;0;750;105;0.1400000000000000000
Battle of Oudenarde;1708;1;100000;14000;0.1400000000000000000
Battle of Almansa;1707;1;25000;3500;0.1400000000000000000
Safavid Ghilzai War;1729;0;25000;3500;0.1400000000000000000
Battle of Edgehill;1642;1;14300;2000;0.1398601398601398601
Battle of Carillon;1758;1;18000;2500;0.1388888888888888888
Battle of Moys;1757;0;13000;1800;0.1384615384615384615
Battle of Landskrona;1677;0;13000;1800;0.1384615384615384615
Battle of Stoke Field;1487;1;12000;1650;0.1375000000000000000
Battle of Bergen;1799;0;22000;3000;0.1363636363636363636
Battle of Kallo;1638;1;8000;1085;0.1356250000000000000
Battle of Montes Claros;1665;0;20000;2700;0.1350000000000000000
Battle of Naas;1798;0;1000;135;0.1350000000000000000
First Battle of Breitenfeld;1631;0;41300;5550;0.1343825665859564164
Second Battle of St Albans;1461;0;15000;2000;0.1333333333333333333
Siege of Leiden;1573;1;15000;2000;0.1333333333333333333
Battle of Mynydd Hyddgen;1401;1;1500;200;0.1333333333333333333
Battle of Lauffeld;1747;0;60000;8000;0.1333333333333333333
Battle of Bryn Glas;1402;0;1500;200;0.1333333333333333333
Battle of Novara;1513;1;11500;1500;0.1304347826086956521
Battle of Sablat;1619;1;5000;650;0.1300000000000000000
Battle of Marignano;1515;0;38700;5000;0.1291989664082687338
Battle of Stoke Field;1487;1;12000;1500;0.1250000000000000000
Battle of Świecino;1462;1;2000;250;0.1250000000000000000
Battle of Steenkerque;1692;1;80000;10000;0.1250000000000000000
Battle of Villaviciosa;1710;0;20000;2500;0.1250000000000000000
Siege of Vienna;1529;1;120000;15000;0.1250000000000000000
Siege of Szigetvár
Battle of Szigeth;1566;1;200000;25000;0.1250000000000000000
Battle of Mondovì;1796;1;13000;1600;0.1230769230769230769
Battle of Lake Pontchartrain;1779;0;57;7;0.1228070175438596491
Battle of Piacenza (1746);1746;0;105980;13000;0.1226646537082468390
Battle of Wattignies;1793;1;22400;2744;0.1225000000000000000
Battle of Lipany;1434;0;10700;1300;0.1214953271028037383
Battle of Loano;1795;0;25000;3000;0.1200000000000000000
Battle of Brihuega;1710;1;10000;1200;0.1200000000000000000
Battle of Bicocca;1522;0;25000;3000;0.1200000000000000000
Battle of Castiglione;1796;1;25000;3000;0.1200000000000000000
Battle of Baçente;1542;0;400;48;0.1200000000000000000
Battle of Alkmaar;1799;0;25000;3000;0.1200000000000000000
Battle of Wijnendale;1708;0;7500;900;0.1200000000000000000
Siege of Shkodra;1474;1;25000;3000;0.1200000000000000000
Battle of Saint Gotthard;1664;0;33500;4000;0.1194029850746268656
Battle of Trzciana;1629;1;6800;800;0.1176470588235294117
Battle of Toro;1476;0;8500;1000;0.1176470588235294117
Battle of Höchst;1622;0;17000;2000;0.1176470588235294117
Battle of Öland;1676;1;12000;1400;0.1166666666666666666
Battle of Ponza;1435;1;6000;700;0.1166666666666666666
Battle of Nájera (Navarrete);1367;0;60000;7000;0.1166666666666666666
Battle of Nájera (Navarrete);1367;1;60000;7000;0.1166666666666666666
Battle of Polonka;1660;0;13000;1500;0.1153846153846153846
Battle of New Ross (1798);1798;1;2000;230;0.1150000000000000000
Battle of Domstadtl (Domašov);1758;0;30000;3450;0.1150000000000000000
Battle of Guastalla;1734;0;49000;5600;0.1142857142857142857
Battle of Gadebusch;1712;0;14000;1600;0.1142857142857142857
Relief of Goes;1572;0;7000;800;0.1142857142857142857
Battle of Groton Heights;1781;1;1700;193;0.1135294117647058823
Battle of Krbava Field;1493;0;9000;1000;0.1111111111111111111
Battle of Wattignies;1793;0;45000;5000;0.1111111111111111111
Battle of Beauport;1759;0;4000;443;0.1107500000000000000
Battle of Sheriffmuir;1715;0;6000;663;0.1105000000000000000
Battle of Yamazaki;1582;1;30000;3300;0.1100000000000000000
Battle of Lauffeld;1747;1;80000;8700;0.1087500000000000000
Battle of Callantsoog;1799;0;10000;1087;0.1087000000000000000
Battle of Elmina;1625;1;250;27;0.1080000000000000000
Battle of Landeshut;1760;1;28000;3000;0.1071428571428571428
Siege of Hulst;1645;0;15000;1600;0.1066666666666666666
Battle of Abukir (1799);1799;0;7700;820;0.1064935064935064935
Battle of Cowpens;1781;0;1400;149;0.1064285714285714285
Battle of Kay;1759;1;47000;5000;0.1063829787234042553
Battle of Madonna dell'Olmo;1744;0;26000;2700;0.1038461538461538461
Battle of Holowczyn;1708;0;12500;1293;0.1034400000000000000
Battle of Holowczyn;1708;1;39000;4000;0.1025641025641025641
Battle of Neerwinden;1793;1;44000;4500;0.1022727272727272727
Battle of Lobositz;1756;0;28000;2863;0.1022500000000000000
Battle of Lobositz;1756;1;28000;2863;0.1022500000000000000
Battle of Germantown;1777;0;11000;1111;0.1010000000000000000
Battle of Bergen;1799;1;30000;3010;0.1003333333333333333
Battle of Foulksmills;1798;0;5000;500;0.1000000000000000000
Battle of Hill of Tara;1798;0;4000;400;0.1000000000000000000
Battle of Fishing Creek;1780;1;160;16;0.1000000000000000000
Battle of Jodoigne;1568;1;30000;3000;0.1000000000000000000
Battle of Naas;1798;1;250;25;0.1000000000000000000
Battle of Preveza;1538;1;12000;1200;0.1000000000000000000
Siege of Rhodes;1522;0;200000;20000;0.1000000000000000000
Crossing of the Düna;1701;1;20000;2000;0.1000000000000000000
Battle of Steenkerque;1692;0;80000;8000;0.1000000000000000000
Battle of Ticonderoga;1759;0;400;40;0.1000000000000000000
Battle of Uedahara;1548;0;7000;700;0.1000000000000000000
The Battle of Würzburg;1796;0;30000;3000;0.1000000000000000000
Battle of Kettle Creek;1779;1;325;32;0.0984615384615384615
Battle of Kombi;1647;1;30600;3000;0.0980392156862745098
Braddock Expedition;1755;0;891;87;0.0976430976430976430
Battle of Stockach and Engen (1800);1800;1;72000;7000;0.0972222222222222222
Siege of Haarlem;1572;1;17500;1700;0.0971428571428571428
Battle of Kings Mountain;1780;0;900;87;0.0966666666666666666
Battle of Stångebro;1598;0;5200;500;0.0961538461538461538
Battle of Castricum;1799;1;26400;2536;0.0960606060606060606
Battle of the Golden Spurs;1302;1;10500;1000;0.0952380952380952380
Battle of Guararapes;1649;1;2600;245;0.0942307692307692307
Battle of Villafranca;1744;0;30000;2820;0.0940000000000000000
Battle of Jankau;1645;0;16000;1500;0.0937500000000000000
Battle of Falkirk Muir;1746;0;7000;650;0.0928571428571428571
Battle of Klissow;1702;0;12000;1100;0.0916666666666666666
Battle of Hochkirch;1758;1;80000;7300;0.0912500000000000000
Sack of Rome;1527;0;5500;500;0.0909090909090909090
Battle of Praga;1794;1;17000;1540;0.0905882352941176470
Battle of Mimasetōge;1569;0;10000;900;0.0900000000000000000
Battle of Harlaw;1411;1;10000;900;0.0900000000000000000
Battle of Brandywine;1777;0;14600;1300;0.0890410958904109589
Battle of Poltava;1709;1;52100;4635;0.0889635316698656429
Battle of Prague;1648;0;13500;1200;0.0888888888888888888
Battle of Jemappes;1792;1;14000;1241;0.0886428571428571428
Battle of Rocoux;1746;0;85000;7500;0.0882352941176470588
First Battle of Zurich;1799;1;40000;3500;0.0875000000000000000
Battle of Antrim;1798;1;700;60;0.0857142857142857142
Battle of the Lines of Elvas;1659;0;10500;898;0.0855238095238095238
Battle of Plassey;1757;0;850;72;0.0847058823529411764
Battle of Neville's Cross;1346;0;12000;1000;0.0833333333333333333
Battle of Kircholm;1605;0;3600;300;0.0833333333333333333
Battle of La Brossinière;1423;0;6000;500;0.0833333333333333333
Battle of Burkersdorf;1762;1;30000;2500;0.0833333333333333333
Battle of Fornovo;1495;1;24000;2000;0.0833333333333333333
Battle of Stockach and Engen (1800);1800;0;84000;7000;0.0833333333333333333
Battle of Point Pleasant;1774;0;400;33;0.0825000000000000000
Battle of Liegnitz;1760;1;105000;8537;0.0813047619047619047
Battle of Kutná Hora;1421;1;75000;6000;0.0800000000000000000
Battle of Bunclody;1798;0;5000;400;0.0800000000000000000
Battle of Szczekociny;1794;0;15000;1200;0.0800000000000000000
Battle of San Lorenzo de la Muga;1794;0;10000;800;0.0800000000000000000
Battle of Alamance;1771;0;1000;79;0.0790000000000000000
Battle of Fehrbellin;1675;1;7000;550;0.0785714285714285714
Battle of Cropredy Bridge;1644;0;9000;700;0.0777777777777777777
Battle of Millesimo;1796;0;9000;700;0.0777777777777777777
Battle of Molodi;1572;1;65000;5000;0.0769230769230769230
Battle of Montenotte;1796;0;11500;880;0.0765217391304347826
Battle of Solway Moss;1542;0;16000;1220;0.0762500000000000000
Battle of Lubiszewo;1577;0;2500;188;0.0752000000000000000
Battle of Krabbendam;1799;0;25000;1876;0.0750400000000000000
Battle of Fornovo;1495;0;16000;1200;0.0750000000000000000
Battle of Hondschoote;1793;0;40000;3000;0.0750000000000000000
Battle of Antrim;1798;0;4000;300;0.0750000000000000000
Battle of Castlebar;1798;0;2000;150;0.0750000000000000000
Battle of Warsaw;1656;1;40000;3000;0.0750000000000000000
Battle of Minden;1759;0;37000;2762;0.0746486486486486486
Battle of Tourcoing;1794;1;74000;5500;0.0743243243243243243
Battle of Fehrbellin;1675;0;7500;550;0.0733333333333333333
Siege of Turin;1706;0;44700;3246;0.0726174496644295302
Battle of Harlem Heights;1776;0;1800;130;0.0722222222222222222
Battle of Gross-Jägersdorf;1757;1;75000;5400;0.0720000000000000000
Battle of Valverde;1862;1;2600;186;0.0715384615384615384
Crossing of the Düna;1701;0;7000;500;0.0714285714285714285
Battle of Mingolsheim;1622;1;28000;2000;0.0714285714285714285
Battle of Mikatagahara;1573;1;14000;1000;0.0714285714285714285
Battle of Fleurus;1794;1;70500;5000;0.0709219858156028368
Battle of Kaiserslautern;1793;1;36000;2550;0.0708333333333333333
Battle of Neerwinden;1793;0;41000;2900;0.0707317073170731707
Battle of White Plains;1776;0;3100;217;0.0700000000000000000
Battle of San Lorenzo de la Muga;1794;1;20000;1400;0.0700000000000000000
Battle of Dettingen;1743;0;36000;2500;0.0694444444444444444
Battle of Krefeld;1758;0;32000;2200;0.0687500000000000000
Battle of Petrovaradin;1716;0;75000;5000;0.0666666666666666666
Battle of Patay;1429;0;1500;100;0.0666666666666666666
Battle of Crécy;1346;1;30000;2000;0.0666666666666666666
Battle of Foulksmills;1798;1;1500;100;0.0666666666666666666
Battle of San Romano;1432;0;6000;400;0.0666666666666666666
Battle of Sedgemoor;1685;0;3000;200;0.0666666666666666666
Battle of Trzciana;1629;0;4500;300;0.0666666666666666666
Battle of the Cosmin Forest;1497;0;75000;5000;0.0666666666666666666
Battle of Zieleńce;1792;0;15000;1000;0.0666666666666666666
Battle of Bergen;1759;1;28000;1800;0.0642857142857142857
Battle of Krefeld;1758;1;47000;3000;0.0638297872340425531
Battle of the Boyne;1690;0;23500;1500;0.0638297872340425531
Siege of Toulon;1793;0;32000;2000;0.0625000000000000000
Battle of Arbedo;1422;0;16000;1000;0.0625000000000000000
Battle of Bergen;1759;0;35000;2185;0.0624285714285714285
Battle of Fleurus;1794;0;82000;5000;0.0609756097560975609
Battle of Pozzolo;1800;0;66000;4000;0.0606060606060606060
Battle of Klushino;1610;0;6650;400;0.0601503759398496240
Battle of Garigliano;1503;1;15000;900;0.0600000000000000000
Battle of Benburb;1646;0;5000;300;0.0600000000000000000
Battle of the Yellow Ford;1598;0;5000;300;0.0600000000000000000
Battle of Fort Niagara;1759;1;4000;239;0.0597500000000000000
Battle of Breslau;1757;1;84000;5000;0.0595238095238095238
Battle of Ramillies;1706;0;62000;3663;0.0590806451612903225
Battle of Arklow (1798);1798;1;1700;100;0.0588235294117647058
Battle of Castlebar;1798;1;6000;350;0.0583333333333333333
Battle of Reading;1688;0;600;35;0.0583333333333333333
Siege of Namur (1692);1692;0;120000;7000;0.0583333333333333333
Battle of Moys;1757;1;26000;1500;0.0576923076923076923
Battle of Jumonville Glen;1754;0;52;3;0.0576923076923076923
Battle of Flodden;1513;0;26000;1500;0.0576923076923076923
Battle of Germantown;1777;1;9000;519;0.0576666666666666666
Battle of Aussig;1426;1;70000;4000;0.0571428571428571428
Battle of Lodi;1796;0;17500;1000;0.0571428571428571428
First Battle of Zurich;1799;0;30000;1700;0.0566666666666666666
Battle of Warsaw;1656;0;18000;1000;0.0555555555555555555
Battle of Villinghausen;1761;1;90000;5000;0.0555555555555555555
Battle of Vyšehrad;1419;1;18000;1000;0.0555555555555555555
Second Battle of Tucson;1782;0;72;4;0.0555555555555555555
Battle of the Wabash;1791;0;1100;61;0.0554545454545454545
Siege of Pilsen;1618;0;20000;1100;0.0550000000000000000
Battle of Alkmaar;1799;1;40000;2200;0.0550000000000000000
Battle of Faughart;1318;0;2000;110;0.0550000000000000000
Battle of Neuwied (1797);1797;0;36500;2000;0.0547945205479452054
Battle of Castricum;1799;0;25700;1382;0.0537743190661478599
Battle of Hummelshof;1702;1;24000;1250;0.0520833333333333333
Battle of Manila;1762;1;9000;461;0.0512222222222222222
Battle of Langside;1568;1;6000;300;0.0500000000000000000
Battle of Preveza;1538;0;60000;3000;0.0500000000000000000
Battle of Arklow (1798);1798;0;10000;500;0.0500000000000000000
Battle of Barnet;1471;1;20000;1000;0.0500000000000000000
Battle of Domstadtl (Domašov);1758;1;12000;600;0.0500000000000000000
Battle of Grandson;1476;0;20000;1000;0.0500000000000000000
Battle of Glenlivet;1594;1;10000;500;0.0500000000000000000
First Battle of St Albans;1455;1;2000;100;0.0500000000000000000
Battle of Saragossa;1710;1;30000;1500;0.0500000000000000000
The Battle of Würzburg;1796;1;30000;1500;0.0500000000000000000
Battle of Blue Licks;1782;1;350;17;0.0485714285714285714
Battle of Hohenlinden;1800;0;53700;2500;0.0465549348230912476
Battle of White Plains;1776;1;5000;229;0.0458000000000000000
Battle of Monmouth;1778;1;14500;660;0.0455172413793103448
Siege of Leiden;1573;0;11000;500;0.0454545454545454545
Battle of Racławice;1794;0;5000;225;0.0450000000000000000
Battle of Alligator Bridge;1778;0;200;9;0.0450000000000000000
Battle of Turnhout;1789;1;2000;87;0.0435000000000000000
Siege of Haengju Fortress;1593;0;3000;130;0.0433333333333333333
Battle of Springfield;1780;1;6000;259;0.0431666666666666666
Persian Expedition of 1796;1796;0;50000;2150;0.0430000000000000000
Battle of Tourcoing;1794;0;70000;3000;0.0428571428571428571
Battle of Hill of Tara;1798;1;700;30;0.0428571428571428571
Battle of Harlem Heights;1776;1;5000;210;0.0420000000000000000
Battle of Barnet;1471;0;12000;500;0.0416666666666666666
Battle of Castiglione;1796;0;30000;1250;0.0416666666666666666
Second Battle of Tucson;1782;1;600;25;0.0416666666666666666
Battle of Springfield;1780;0;1500;62;0.0413333333333333333
Battle of Guilford Court House;1781;0;4500;185;0.0411111111111111111
Battle of Zenta
(Battle of Senta);1697;0;50000;2027;0.0405400000000000000
Second Battle of Zurich;1799;0;75000;3000;0.0400000000000000000
Siege of Fort Zeelandia
(1661–1662);1661;0;25000;1000;0.0400000000000000000
Battle of Stadtlohn;1623;1;25000;1000;0.0400000000000000000
Battle of the Assunpink Creek;1777;1;5000;200;0.0400000000000000000
Battle of Burkersdorf;1762;0;40000;1600;0.0400000000000000000
Battle of Prestonpans;1745;1;2500;100;0.0400000000000000000
Battle of Monmouth;1778;0;11000;430;0.0390909090909090909
Siege of Pensacola;1781;0;7000;272;0.0388571428571428571
Battle of Culloden;1746;0;8000;309;0.0386250000000000000
First Siege of Ulsan;1597;1;29000;1120;0.0386206896551724137
Battle of Dirschau;1627;0;7800;300;0.0384615384615384615
Battle of Kaiserslautern;1793;0;26000;1000;0.0384615384615384615
Battle of La Naval de Manila;1646;0;400;15;0.0375000000000000000
Battle of Nowy Dwór;1655;1;8000;300;0.0375000000000000000
Battle of Ponza;1435;0;2400;90;0.0375000000000000000
Battle of Callantsoog;1799;1;12000;450;0.0375000000000000000
Battle of Vinegar Hill;1798;0;20000;750;0.0375000000000000000
Battle of Brandywine;1777;1;15500;581;0.0374838709677419354
Battle of Fort Necessity;1754;1;600;22;0.0366666666666666666
Battle of Obertyn;1531;0;7000;256;0.0365714285714285714
Battle of Fort Charlotte;1780;1;304;11;0.0361842105263157894
Battle of Kringen;1612;1;500;18;0.0360000000000000000
Battle of Hastenbeck;1757;0;35000;1211;0.0346000000000000000
Battle of Mondovì;1796;0;17500;600;0.0342857142857142857
Battle of Alcântara;1580;1;14800;500;0.0337837837837837837
Battle of Höchstädt;1800;0;60000;2000;0.0333333333333333333
Siege of Fredriksten;1718;0;6000;200;0.0333333333333333333
Raid on the Medway;1667;0;1500;50;0.0333333333333333333
Battle of the Solent;1545;1;12000;400;0.0333333333333333333
Battle of Cahul;1770;0;38000;1250;0.0328947368421052631
Siege of Savannah;1779;1;3200;103;0.0321875000000000000
Battle of Brustem;1467;0;25000;800;0.0320000000000000000
Battle of Fort Duquesne;1758;0;500;16;0.0320000000000000000
Battle of Moncontour;1569;0;19000;600;0.0315789473684210526
Battle of Gangut;1714;1;15000;466;0.0310666666666666666
Battle of Naseby;1645;0;13000;400;0.0307692307692307692
Battle of Fort Beauséjour;1755;0;462;14;0.0303030303030303030
Siege of Fort St. Jean;1775;0;2000;60;0.0300000000000000000
Battle of Bennington;1777;0;2350;70;0.0297872340425531914
Battle of Rocoux;1746;1;120000;3500;0.0291666666666666666
Battle of Vincennes;1779;1;172;5;0.0290697674418604651
Capture of Trincomalee;1782;1;450;13;0.0288888888888888888
Battle of Newtown;1779;1;1250;35;0.0280000000000000000
Battle of Pell's Point;1776;0;750;21;0.0280000000000000000
Battle of Tedorigawa;1577;1;36000;1000;0.0277777777777777777
Battles of Saratoga;1777;0;12000;330;0.0275000000000000000
Battle of Mohács;1526;0;55000;1500;0.0272727272727272727
Battle of Sangju;1592;0;18700;500;0.0267379679144385026
Battle of Stångebro;1598;1;9000;240;0.0266666666666666666
Battle of the Dunes;1658;0;15000;400;0.0266666666666666666
Battle of Moore's Creek Bridge;1776;1;1500;40;0.0266666666666666666
Battle of Honnecourt;1642;1;19000;500;0.0263157894736842105
Battle of White Mountain;1620;1;27000;700;0.0259259259259259259
Battle of Mookerheyde;1574;1;5800;150;0.0258620689655172413
Battle of Rossbach;1757;0;22000;548;0.0249090909090909090
Battle of Longue-Pointe;1775;1;250;6;0.0240000000000000000
Battle of Pinkie Cleugh;1547;1;16800;400;0.0238095238095238095
Battle of Cajamarca;1532;0;168;4;0.0238095238095238095
Battle of Rijmenam;1578;1;17000;400;0.0235294117647058823
Battles of Lexington and Concord;1775;0;3960;88;0.0222222222222222222
Battle of Pavia;1525;1;23000;500;0.0217391304347826086
Battle of Villinghausen;1761;0;65000;1400;0.0215384615384615384
Battle of Hastenbeck;1757;1;60000;1290;0.0215000000000000000
Battle of Bitonto;1734;0;14000;295;0.0210714285714285714
Battle of Torroella;1694;0;24000;500;0.0208333333333333333
Battle of the Boyne;1690;1;36000;750;0.0208333333333333333
Battle of Denain;1712;1;100000;2066;0.0206600000000000000
Siege of Yorktown;1781;0;18900;389;0.0205820105820105820
Battle of The Cedars;1776;0;250;5;0.0200000000000000000
Battle of Rijmenam;1578;0;20000;400;0.0200000000000000000
Battle of Valcour Island;1776;1;2000;40;0.0200000000000000000
Battle of Bassano;1796;0;20000;400;0.0200000000000000000
Battle of Mobile;1781;1;1000;20;0.0200000000000000000
Battle of Lansdowne;1643;0;4000;80;0.0200000000000000000
Battle of Jemmingen;1568;1;15000;300;0.0200000000000000000
Battle of Assietta;1747;1;15000;299;0.0199333333333333333
Battle of Warburg;1760;0;62000;1200;0.0193548387096774193
Battle of Sheriffmuir;1715;1;12000;232;0.0193333333333333333
Siege of Charleston;1780;0;13500;258;0.0191111111111111111
Battle of Crécy;1346;0;10500;200;0.0190476190476190476
Battle of Puná;1531;0;168;3;0.0178571428571428571
Battle of Long Island;1776;1;20000;357;0.0178500000000000000
Battle of Brier Creek;1779;1;900;16;0.0177777777777777777
Siege of Padua;1509;0;40000;700;0.0175000000000000000
Battle of Trois-Rivières;1776;1;1000;17;0.0170000000000000000
Battle of La Roche-l'Abeille;1569;0;29500;500;0.0169491525423728813
Battle of Almenar;1710;1;24000;400;0.0166666666666666666
Battle of Alfarrobeira;1449;0;30000;500;0.0166666666666666666
Battle of Gravelines;1558;1;18000;300;0.0166666666666666666
Battle of Falkirk Muir;1746;1;8000;130;0.0162500000000000000
Battle of Princeton;1777;0;4500;70;0.0155555555555555555
Battle of Lipany;1434;1;13000;200;0.0153846153846153846
Battle of Fort Ligonier;1758;1;2000;30;0.0150000000000000000
Battle of Fort Cumberland;1776;0;400;6;0.0150000000000000000
Battle of Górzno;1629;0;6000;90;0.0150000000000000000
Battle of Agincourt;1415;0;7500;112;0.0149333333333333333
Battle of Dupplin Moor;1332;1;2250;33;0.0146666666666666666
Battle of the Pyramids;1798;0;20000;289;0.0144500000000000000
Battle of St. Quentin;1557;0;70000;1000;0.0142857142857142857
Battle of Manila;1762;0;10300;147;0.0142718446601941747
Battle of Marston Moor;1644;0;22000;300;0.0136363636363636363
Battle of Domažlice;1431;1;110000;1500;0.0136363636363636363
Battle of Newtown;1779;0;3200;43;0.0134375000000000000
Battle of Quebec;1690;0;2306;30;0.0130095403295750216
Battle of the Golden Spurs;1302;0;8000;100;0.0125000000000000000
Battle of Heiligerlee (1568);1568;0;4100;50;0.0121951219512195121
First Battle of St Albans;1455;0;5000;60;0.0120000000000000000
Capture of Fort Ticonderoga;1775;0;168;2;0.0119047619047619047
Battle of Castillon;1453;1;8500;100;0.0117647058823529411
Battle of Preston;1648;0;8600;100;0.0116279069767441860
Battle of Warburg;1760;1;130000;1500;0.0115384615384615384
Recapture of Bahia;1625;0;12000;135;0.0112500000000000000
Battle of Wakefield;1460;0;18000;200;0.0111111111111111111
Battle of Stavuchany;1737;1;90000;1000;0.0111111111111111111
Battle of Mikatagahara;1573;0;27000;300;0.0111111111111111111
Second Battle of Boulou;1794;0;30000;320;0.0106666666666666666
Battle of Quebec;1775;1;1800;19;0.0105555555555555555
Battle of Wayna Daga;1543;1;15200;160;0.0105263157894736842
Battle of The Cedars;1776;1;500;5;0.0100000000000000000
Battle of Mohács (1687);1687;0;60000;600;0.0100000000000000000
Battle of Fort Oswego;1756;0;3000;30;0.0100000000000000000
Battle of Dirschau;1627;1;10100;100;0.0099009900990099009
Battle of Berestechko;1651;1;73000;700;0.0095890410958904109
Battle of Quebec;1690;1;2000;19;0.0095000000000000000
The Battle of Valmy;1792;0;32000;300;0.0093750000000000000
Battle of Muizenberg;1795;0;670;6;0.0089552238805970149
Battle of Fort Beauséjour;1755;1;2270;20;0.0088105726872246696
Battle of Fort Bull;1756;0;360;3;0.0083333333333333333
Battle of the Assunpink Creek;1777;0;6000;50;0.0083333333333333333
Battle of Crooked Billet;1778;1;850;7;0.0082352941176470588
Battle of Plassey;1757;1;62000;500;0.0080645161290322580
Battle of Krabbendam;1799;1;23000;184;0.0080000000000000000
Battle of St. Louis;1780;1;1000;8;0.0080000000000000000
Battle of La Brossinière;1423;1;160000;1230;0.0076875000000000000
Battle of Nájera (Navarrete);1367;0;28000;200;0.0071428571428571428
Battle of Dunbar (1650);1650;1;11000;78;0.0070909090909090909
Battle of Glenlivet;1594;0;2000;14;0.0070000000000000000
Battle of Mühlberg;1547;1;29500;200;0.0067796610169491525
Battle of Chojnice;1454;1;15000;100;0.0066666666666666666
Wars of the Three Kingdoms;1651;0;31000;200;0.0064516129032258064
Battle of the Thousand Islands;1760;0;11700;73;0.0062393162393162393
Fourth Battle of Tucson;1784;1;500;3;0.0060000000000000000
Siege of Fort Ticonderoga (1777);1777;0;3000;18;0.0060000000000000000
Battle of Beauport;1759;1;10000;60;0.0060000000000000000
Battle of Oulart Hill;1798;0;1000;6;0.0060000000000000000
Battle of Coutras;1587;0;6800;40;0.0058823529411764705
Battle of Pell's Point;1776;1;4000;23;0.0057500000000000000
Battle of Grandson;1476;1;18000;100;0.0055555555555555555
Battle of Vinegar Hill;1798;1;18000;100;0.0055555555555555555
The Battle of Valmy;1792;1;34000;184;0.0054117647058823529
Siege of Pyongyang;1592;0;18700;100;0.0053475935828877005
Battle of Turnhout;1597;1;6800;35;0.0051470588235294117
Battle of Muizenberg;1795;1;1600;8;0.0050000000000000000
Battle of Alamance;1771;1;2000;9;0.0045000000000000000
Battle of Höchst;1622;1;26000;100;0.0038461538461538461
Battle of Baton Rouge;1779;0;800;3;0.0037500000000000000
Battle of Ticonderoga;1759;1;11376;36;0.0031645569620253164
Battle of Vítkov Hill;1420;0;100000;300;0.0030000000000000000
Battle of Trenton;1776;0;2400;7;0.0029166666666666666
Battle of Larga;1770;0;38000;100;0.0026315789473684210
Battle of Solway Moss;1542;1;3000;7;0.0023333333333333333
Battle of Moore's Creek Bridge;1776;0;1050;2;0.0019047619047619047
Battle of Bound Brook;1777;1;4000;7;0.0017500000000000000
Battle of the Rice Boats;1776;0;800;1;0.0012500000000000000
Battle of Great Bridge;1775;0;860;1;0.0011627906976744186
Battle of Gembloux;1578;1;18200;20;0.0010989010989010989
Battle of Ballinamuck;1798;1;26000;28;0.0010769230769230769
Battle of Jodoigne;1568;0;21500;20;0.0009302325581395348
Battle of Ancrum Moor;1545;0;2500;2;0.0008000000000000000
Siege of Fort Ticonderoga (1777);1777;1;7800;5;0.0006410256410256410
Battle of Nowy Dwór;1655;0;8000;4;0.0005000000000000000
Battle of Ceuta;1415;0;45000;8;0.0001777777777777777
