﻿France;222
Great Britain;163
Spain;124
England;110
The Netherlands;105
Austria;80
Ottoman Empire;73
Holy Roman Empire;70
United States;49
Sweden;49
Poland;47
Russia;44
Portugal;41
Prussia;38
Scotland;33
Oda Nobunaga;23
Republic of Venice;21
Hungary;19
Denmark;19
House of Lancaster;18
House of York;18
Electorate of Saxony;16
Cavalier;16
Society of United Irishmen;16
Canada;15
Toyotomi Hideyoshi;14
Papal States;14
Takeda Shingen;13
Roundhead;12
Serbia;12
Landgraviate of Hesse-Kassel;12
Electorate of Brunswick-Lüneburg;12
Japan;12
Czech Republic;11
Moldavia;11
Adal Sultanate;10
Ireland;10
Kingdom of Sardinia;10
Joseon;10
Jacobitism;9
Duchy of Milan;9
Duchy of Burgundy;9
Catholic League (German);9
Wallachia;9
Ming dynasty;8
Republic of Florence;8
Republic of Genoa;8
Crimean Khanate;8
Duchy of Brunswick-Lüneburg;8
Electorate of Bavaria;8
Hussite;7
Huguenot;7
Old Swiss Confederacy;7
Tokugawa Ieyasu;7
Thirteen Colonies;6
Mōri clan;6
Mughal Empire;6
Ikkō-ikki;6
Iroquois;6
Ethiopian Empire;6
Catholicism;6
Batavian Republic;6
Bavaria;6
Byzantine Empire;5
British America;5
Clan Mackay;5
County of Flanders;5
East India Company;5
Duchy of Savoy;5
Dutch East India Company;5
Irish expedition to Scotland;5
Late Hōjō clan;5
Korea;5
Lithuania;5
Province of Quebec (1763–91);5
Takeda family forces;5
Takeda forces;5
Teutonic Order;5
Uesugi forces;5
Waldeck (state);4
Unterwalden;4
Royalists;4
Scots Covenanters;4
Safavid dynasty;4
Loyalist (American Revolution);4
Knights Hospitaller;4
Majorca;4
Mamluk Sultanate (Cairo);4
Inca Empire;4
History of Malta under the Order of Saint John;4
Hōjō Ujiyasu;4
Duchy of Brittany;4
Electoral Palatinate;4
Croatia;4
Crown of Aragon;4
Clan Sutherland;4
Confederate Ireland;4
Canton of Uri;4
Aydınids;3
Apache;3
Akechi Mitsuhide;3
 House of Blois;3
 House of Montfort;3
Clan Mackintosh;3
Clan Cameron;3
Canton of Lucerne;3
Canton of Schwyz;3
Charles V, Holy Roman Emperor;3
Charles VI, Holy Roman Emperor;3
Emirate of Granada;3
Covenanter;3
Dutch Rebels;3
Hessian (soldier);3
Joseon Navy;3
New Model Army;3
Protestant Union;3
Province of Massachusetts Bay;3
Parliament of England;3
Prince-Bishopric of Münster;3
Patriot (American Revolution);3
Takeda Katsuyori;3
Tokugawa shogunate;3
Toyotomi clan;3
Uesugi Clan;3
Wales;2
Takeda clan;2
Timurid dynasty;2
Tlaxcala (Nahua state);2
Supported by;2
Suwa Yorishige;2
State of the Teutonic Order;2
Shawnee;2
Zaporozhian Cossacks;2
Western Confederacy;2
Ogasawara Nagatoki;2
Principality of Transylvania (1570–1711);2
Principality of Brunswick-Wolfenbüttel;2
Republic of Pisa;2
Republic of Ragusa;2
Republic of Siena;2
Rohilla;2
Prussian Confederation;2
Qajar dynasty;2
Oda clan;2
Nawab of Awadh;2
Milan;2
Military history of the Acadians;2
Murakami Yoshikiyo;2
Landgraviate of Hesse;2
Marinid dynasty;2
Kingdom of Ndongo;2
Kingdom of Sicily;2
Kingdom of Kongo;2
Kingdom of Mysore;2
Kingdom of Naples;2
Hordes of the Jochid Ulus;2
Hesse;2
Indigenous peoples of the Americas;2
Imagawa Yoshimoto;2
Iberian Union;2
Duchy of Courland and Semigallia;2
Duchy of Ferrara;2
Duchy of Gascony;2
Ethiopia;2
English Parliamentarians;2
Electorate of Cologne;2
French East India Company;2
Gascony;2
Golden Horde;2
Guelders;2
Hanseatic League;2
Chattan Confederation;2
Catholic Church;2
Catholics;2
Clan Mackenzie;2
Clan Macdonald of Clanranald;2
Clan Donald;2
Clan Forbes;2
Clan Gordon;2
Clan Grant;2
Clan Maclean;2
Clan MacLeod of Lewis;2
Clan MacNeil;2
Clan Munro;2
Connecticut Colony;2
Colonial Brazil;2
Colony of Virginia;2
Corsican Republic;2
1st Canadian Regiment;2
 Covenanter rebels;2
2nd Canadian Regiment;2
Army of the Holy Roman Empire;2
Asakura Yoshikage;2
Ashikaga shogunate;2
Azai Nagamasa;2
Aztec Empire;2
Canton of Zug;2
Brittany;2
Bologna;2
Bosnia;2
Bosnia Eyalet;1
Brabant Revolution;1
Bremen;1
Bruce loyalists;1
Burgundians, Byzantines;1
Canton of Zürich;1
Catalan Company;1
 Arumer Zwarte Hoop;1
Canadian Militia;1
Baden;1
Baronial forces;1
Bergenhus Fortress;1
Bessho Nagaharu;1
Bishop of Norwich;1
Bishopric of Halberstadt;1
Asti;1
Azai clan;1
Ashikaga rebels;1
Araki Murashige;1
Army of False Dmitry I;1
Aberdonian Gentry (Lowland clans);1
Aceh Sultanate;1
Ag Qoyunlu;1
Ahom kingdom;1
Albanians;1
Alexander of Islay, Earl of Ross;1
Anjou;1
António, Prior of Crato;1
 Covenanters;1
 Dutch Rebels;1
 Government army;1
26th (Cameronian) Regiment of Foot;1
 House of Blois (France);1
 House of Montfort (England);1
 Parliamentarian Scots Covenanters;1
 Rebel forces;1
 Royal army;1
 Royalist Army;1
 Royalists;1
 States-General;1

and Angevin lands;1

and others;1

Clann Ó hEithir;1

Cossacks, Tatars and other minorities;1

German mercenaries;1

German, Scottish and Dutch mercenaries;1

Italian allies;1

Nhandui Tarairiu Tribe;1

Tokhtamysh forces;1
"Clan Kay" (Camerons or Davidsons?);1
Cossack Hetmanate;1
Cossacks;1
Council of Five Elders;1
Counts and dukes of Maine;1
County of Namur;1
Crimean Tatars;1
Crusades;1
Dalmatia;1
Darug warriors;1
Dhimitër Jonima;1
District of Branković;1
Dithmarschen;1
Domhnall Dubh;1
Duchy of Athens;1
Duchy of Brabant;1
combined forces of Shinano daimyō;1
Compagnia di San Giorgio;1
Colony of Rhode Island and Providence Plantations;1
Conquistador;1
Confederate States of America;1
Clan Murray;1
Clan Pollock;1
Clan Ross;1
Clan Stewart;1
Clan Maxwell;1
Clan MacLeod;1
Clan Grierson;1
Clan Hay;1
Clan Johnstone;1
Clan Fraser;1
Clan Fraser of Lovat;1
Clan MacDonald of Keppoch;1
Clan MacDonald of Lochalsh;1
Clan Macdonald of Sleat;1
Clan MacGillivray;1
Clan Campbell;1
Clan Cumming;1
Catholic Monarchs;1
Catholic League (French);1
Chōsokabe Motochika;1
Clan Brodie;1
Charles I of Hungary;1
Charles I, Duke of Brittany;1
Charles II, Duke of Guelders;1
Hari_Chand_of_Hindur;1
Hawaii (island);1
Hemu;1
Gujarat Sultanate;1
Hanau;1
Franconia;1
French Directory;1
Gopal_of_Guler;1
Gotland;1
Governorate of New Castile;1
Governorate of New Toledo;1
Grand Alliance;1
Grand Alliance (League of Augsburg);1
Greater Khorasan;1
Greeks;1
Green Mountain Boys;1
Gdańsk;1
Geoghegan;1
Georgia (country);1
Ghent;1
Giudicato of Arborea;1
French Royal Army;1
Friesland;1
Frisia;1
Gaelic Ireland;1
Ganja Khanate;1
Fateh Shah;1
Ferdinand I of the Two Sicilies;1
Flemish peasants;1
Florence;1
Forces loyal to Mary, Queen of Scots;1
Forces loyal to Tozawa Yorichika;1
Forces of Oi Sadataka;1
forces of Takatō Yoritsugu;1
forces of Tozawa family;1
Forces of Tozawa Yorichika;1
Forces opposed to Mary, Queen of Scots;1
Eastern Mongols;1
Edward Balliol;1
Duchy of Parma;1
Erivan Khanate;1
Engagers;1
English and Flemish settlers;1
English Parliamentarains;1
Duchy of Guastalla;1
Duchy of Jülich;1
Duchy of Castro;1
Duchy of Cleves;1
Dzungar Khanate;1
Earl of Douglas;1
Earl of Sutherland;1
Duchy of Urbino;1
Duke of Aquitaine;1
Duke of Coimbra;1
Durrani;1
Durrani Empire;1
Dutch Cape Colony;1
Indian auxiliaries;1
It%C5%8D_family;1
Italian War of 1494–98;1
Italic League;1
Itami clan;1
Iwamura castle garrison;1
James II of England;1
James IV of Scotland;1
James Scott, 1st Duke of Monmouth;1
James Stewart, 1st Earl of Moray;1
Hotak dynasty;1
House of Bourbon;1
House of Farnese;1
House of Stuart;1
Hiraga Genshin;1
History of Bavaria;1
History of Cologne;1
Holy League (1538);1
Holy League (1684);1
Hōjō Sōun;1
Kingdom of Navarre;1
Japanese imperial forces;1
Jaqueline, Countess of Hainaut, Holland and Zeeland;1
John VI Kantakouzenos;1
Johor;1
Johor Sultanate;1
Kingdom of Uí Failghe;1
Kirpal_of_Katoch;1
Irish Confederate Catholics Munster army and some Highland Scots;1
Kahlur;1
Kalmar Union;1
Kantō kubō;1
Kara Koyunlu;1
Kentucky militia;1
Kesari_Chand;1
Khanate of Kazan;1
Kingdom of Cochin;1
Kingdom of Croatia (Habsburg);1
Kingdom of Georgia;1
Kingdom of Imereti;1
Kingdom of Kandy;1
Kingdom of Kartli;1
Kingdom of Kartli-Kakheti;1
Mary, Queen of Scots;1
Massachusetts Bay;1
Massachusetts Bay Colony;1
Matsudaira clan;1
Maui;1
Maximilian III, Archduke of Austria;1
Mdewakanton;1
Miamis Indian Tribe;1
Mi'kmaq;1
Maltese people;1
Mamluk;1
Lübeck;1
MacNamara;1
Magdeburg;1
Lodi dynasty;1
Lodrisio Visconti;1
Lord of the Isles;1
Lordship of Chios;1
Lorraine (duchy);1
Lorraine (region);1
Lower Saxon Circle;1
Koxinga;1
Kuruc;1
Lancastrians;1
Leinster;1
List of kings of Connacht;1
List of kings of Leinster;1
Narragansett people;1
Native Americans in the United States;1
Navajo people;1
Mingo;1
Mississippian culture;1
Miura clan;1
Mladen II Šubić of Bribir;1
Modena;1
Mohegan people;1
Military history of the Mi'kmaq people;1
Military_history_of_the_Mi%27kmaq_People;1
Militia;1
Manchu people;1
Maratha Empire;1
March of Montferrat;1
Margraviate of Brandenburg;1
Mari people;1
Nawabs of Bengal and Murshidabad;1
New England;1
New England Confederation;1
Oda Nobukatsu;1
Momchil;1
Moors;1
New South Wales Corps;1
Nipissing First Nation;1
Nitta clan;1
Noble coalition;1
Nogais;1
Norfolk;1
North Carolina;1
North Carolina provincial militia;1
North Carolina Regulators;1
O'Brien dynasty;1
Qasim Khanate;1
Qing dynasty;1
Quito;1
Ranuccio II Farnese, Duke of Parma;1
Rebels;1
Registered Cossacks;1
Puná natives;1
Pure Land Buddhism;1
Rokkaku clan;1
Rokkaku Yoshisuke;1
Rostov;1
Principality of Dukagjini;1
Principality of Murom;1
Principality of Polotsk;1
Principality of Schaumburg-Lippe;1
Principality of Smolensk;1
Principality of Suzdal—Nizhny Novgorod;1
Principality of Tver;1
Principality of Yaroslavl;1
Oneida people;1
Province of New Hampshire;1
Province of North Carolina;1
Province of Padua;1
Protestantism;1
Province of Georgia;1
Province of South Carolina;1
Province of Verona;1
Ogasawara_family;1
Ohio Country;1
Ojibwe;1
Oda Nobutaka;1
O'Dea;1
Odoardo Farnese, Duke of Parma;1
Pavia;1
Peasant Jacques army;1
Peasants' army;1
Pequot people;1
Percy Faction;1
Peshwa;1
Philip, Duke of Burgundy;1
Pir (Sufism);1
Pizarro brothers;1
Principality of Achaea;1
Principality of Beloozero;1
Principality of Bengal;1
Post-Imperial Mongolia;1
Potiguara people;1
Prince-Bishopric of Liège;1
Parliamentarians;1
Polish–Swedish union;1
Pope Innocent X;1
Pope Urban VIII;1
White Company;1
Williamite;1
Williamite forces - Irish, Dutch, English, Scottish, Danish and French Huguenot troops [1];1
Wyandot people;1
Zamorin of Calicut;1
Zaporizhian Sich;1
Zeta under the Balšići;1
Walloons;1
Welsh rebel forces;1
Shirvanshah;1
Sigismund III Vasa;1
Sikh;1
Silesia;1
Sirotci;1
States General of the Netherlands;1
Stephen Uroš IV Dušan of Serbia;1
Sture;1
Suganuma Sadamichi;1
Swabia;1
Sōhei;1
Sovereign Military Order of Malta;1
Taborite;1
Taborites;1
Taiwanese aborigines;1
Saika Ikki;1
Samarkand;1
Satomi Yoshihiro;1
Saxe-Weimar;1
Schmalkaldic League;1
Royal forces;1
Royalist forces;1
Robert Stewart, Duke of Albany;1
Scottish Rebels (with English support);1
Second Bulgarian Empire;1
Seventeen Provinces;1
Saadi dynasty;1
Toyotomi Hideyori;1
Travancore;1
Tudor dynasty;1
Tupí people;1
Udasi;1
Uesugi Kenshin;1
United Duchies of Jülich-Cleves-Berg;1
Taw yağı;1
Uprising of Konstantin and Fruzhin;1
Utraquism;1
Utraquists;1
Vermont Republic;1
Virginia;1
Vlachs;1
Wabanaki Confederacy;1
